{"cameraMode":{"drawMode":0,"name":"Shaded","section":"Shading Mode"},"sceneLighting":false,"audioPlay":false,"sceneViewState":{"showFog":true,"showMaterialUpdate":false,"showSkybox":true,"showFlares":true,"showImageEffects":true,"showParticleSystems":true},"in2DMode":false,"pivot":{"x":-0.6676559448242188,"y":2.800048828125,"z":-5.265846252441406},"rotation":{"x":0.0032255917321890594,"y":0.7406070232391357,"z":-0.6719212532043457,"w":0.0035552179906517269},"size":335.51531982421877,"orthographic":false}